PortfolioID,target_return,volatility,sharpe,Ticker,Weight,Ticker_key
1,0.0948840404973348,0.1436639777814716,0.3820306338783087,AAPL,0.0,AAPL
2,0.1040346575309804,0.1439543295669668,0.4448262009458479,AAPL,0.0,AAPL
3,0.0857334226609605,0.1446052005829654,0.3162640242300384,AAPL,7.105427357601002e-15,AAPL
4,0.1131852745537752,0.1450792142276581,0.5044504475943259,AAPL,5.637851296924623e-18,AAPL
5,0.1223358915558633,0.1469959197608286,0.5601236530226748,AAPL,1.3010426069826053e-17,AAPL
6,0.1314865082920929,0.14953950920541,0.6117882075326697,AAPL,0.0063782847893535,AAPL
7,0.1406371254106325,0.1525166449019375,0.6598435565858297,AAPL,0.0257740562824018,AAPL
8,0.1497877425899038,0.1558657781454828,0.7043736213053101,AAPL,0.0442486945589472,AAPL
9,0.158938359606175,0.1595639626919378,0.7453961257894013,AAPL,0.0627461303591311,AAPL
10,0.1680889766083367,0.1635876800723205,0.7829989186943038,AAPL,0.0811901336696915,AAPL
11,0.1772395936199666,0.1679105085273374,0.8173377284342075,AAPL,0.1000986834896118,AAPL
12,0.1863902106317621,0.1724578072700806,0.8488465262839919,AAPL,0.1353374590372567,AAPL
13,0.1955408276448309,0.177295158899381,0.8772987858800126,AAPL,0.1559857932812736,AAPL
14,0.2046914446684751,0.1820052766696597,0.9048718129606248,AAPL,0.1692926215631748,AAPL
15,0.2138420616741083,0.1872940140138224,0.9281773504052224,AAPL,0.1863881547644619,AAPL
16,0.2229926786751608,0.1928045097398392,0.949109950395258,AAPL,0.2023754624775942,AAPL
17,0.2321432956814078,0.1985512209528735,0.967726588430364,AAPL,0.2053049284402914,AAPL
18,0.2412939127370602,0.2044313977049636,0.9846526267338273,AAPL,0.2248100077185491,AAPL
19,0.2504445297990878,0.2104905829396107,0.9997812104471386,AAPL,0.2469572372590683,AAPL
20,0.25959514673508,0.2167134176068436,1.0132974190525863,AAPL,0.2707978481479247,AAPL
21,0.2687457637549064,0.2230932126885462,1.0253371718405953,AAPL,0.2889619268116106,AAPL
22,0.2778963807762094,0.2295872058171969,1.036191803151385,AAPL,0.3108449424234224,AAPL
23,0.2870469977937364,0.2363792516676521,1.0451297905836634,AAPL,0.321225203352516,AAPL
24,0.2961976148082156,0.2437274060148944,1.051164573558704,AAPL,0.3229054559466077,AAPL
25,0.305348231813515,0.2515586699236075,1.054816484337809,AAPL,0.3056143010004598,AAPL
26,0.314498848818251,0.2598936140626895,1.0561969743205717,AAPL,0.3011482431609777,AAPL
27,0.3236494658156983,0.2686624789391497,1.0557836990700256,AAPL,0.2977664439593146,AAPL
28,0.3328000828517719,0.2778635678861019,1.0537548519919406,AAPL,0.2926613631030146,AAPL
29,0.3419506998635155,0.2874673661424976,1.0503825318169804,AAPL,0.2837530315778946,AAPL
30,0.3511013168899335,0.297459810710973,1.0458599975114462,AAPL,0.293112377759739,AAPL
31,0.3602519337857518,0.3077484044007464,1.0406290632419444,AAPL,0.2806986333150451,AAPL
32,0.3694025508162727,0.3183362622461753,1.0347628903223711,AAPL,0.2682130250195113,AAPL
33,0.3785531680224659,0.3291946214578194,1.0284286132112448,AAPL,0.2556808330311496,AAPL
34,0.3877037849283204,0.3402976486883621,1.0217637008909828,AAPL,0.2431100252870537,AAPL
35,0.3968544018212432,0.3516222135546206,1.0148801414271569,AAPL,0.2305055933529291,AAPL
36,0.4060050189469226,0.3631476194895567,1.0078684240347833,AAPL,0.2178989563018738,AAPL
37,0.4151556358778606,0.3748554345695774,1.000800845554308,AAPL,0.2051613041107992,AAPL
38,0.4243062529879772,0.3867289098875484,0.9937355164363698,AAPL,0.1926031690530475,AAPL
39,0.4334568700746335,0.3987533167157268,0.986717485675814,AAPL,0.1800355515632123,AAPL
40,0.4426074870022467,0.4109154088820069,0.9797819169099452,AAPL,0.1674620000154204,AAPL
41,0.451758104001215,0.4231800925078103,0.9730091544739088,AAPL,0.1762447668582126,AAPL
42,0.4609087210127492,0.4355756016050662,0.9663275891985904,AAPL,0.1671063383607437,AAPL
43,0.4700593380350333,0.4480752137173419,0.9597927420871052,AAPL,0.1622411567813683,AAPL
44,0.4792099550477967,0.4606715685561692,0.9534123332689334,AAPL,0.153770885956828,AAPL
45,0.488360572060606,0.4733564791020619,0.9471943278586316,AAPL,0.1453004959581117,AAPL
46,0.4975111890932196,0.486123013105149,0.9411428316689452,AAPL,0.1368300820397962,AAPL
47,0.5066618060863177,0.4989649052617643,0.9352597771209984,AAPL,0.1283598780530024,AAPL
48,0.5158124230991504,0.5118764839547424,0.929545384509634,AAPL,0.1198894860105131,AAPL
49,0.5249630403002272,0.5248608276064881,0.9239840635693732,AAPL,0.0954385727369807,AAPL
50,0.5341136570109982,0.5379210398021608,0.9185616855453838,AAPL,0.0708126491190206,AAPL
51,0.5432642741155921,0.5510517283460877,0.9132795493194013,AAPL,0.0461867244412151,AAPL
52,0.5524148911516171,0.5642479724462212,0.9081377624275924,AAPL,0.0215607999479384,AAPL
1,0.0948840404973348,0.1436639777814716,0.3820306338783087,MSFT,0.0108391020454119,MSFT
2,0.1040346575309804,0.1439543295669668,0.4448262009458479,MSFT,0.0302721581940174,MSFT
3,0.0857334226609605,0.1446052005829654,0.3162640242300384,MSFT,0.0,MSFT
4,0.1131852745537752,0.1450792142276581,0.5044504475943259,MSFT,0.049722362962434,MSFT
5,0.1223358915558633,0.1469959197608286,0.5601236530226748,MSFT,0.0669620904471353,MSFT
6,0.1314865082920929,0.14953950920541,0.6117882075326697,MSFT,0.0808089562871543,MSFT
7,0.1406371254106325,0.1525166449019375,0.6598435565858297,MSFT,0.0911057784208423,MSFT
8,0.1497877425899038,0.1558657781454828,0.7043736213053101,MSFT,0.1016974220809162,MSFT
9,0.158938359606175,0.1595639626919378,0.7453961257894013,MSFT,0.1123170943658519,MSFT
10,0.1680889766083367,0.1635876800723205,0.7829989186943038,MSFT,0.1229730958607613,MSFT
11,0.1772395936199666,0.1679105085273374,0.8173377284342075,MSFT,0.1336657503214847,MSFT
12,0.1863902106317621,0.1724578072700806,0.8488465262839919,MSFT,0.1427925968787893,MSFT
13,0.1955408276448309,0.177295158899381,0.8772987858800126,MSFT,0.152804151881282,MSFT
14,0.2046914446684751,0.1820052766696597,0.9048718129606248,MSFT,0.1633654495292621,MSFT
15,0.2138420616741083,0.1872940140138224,0.9281773504052224,MSFT,0.174118523275452,MSFT
16,0.2229926786751608,0.1928045097398392,0.949109950395258,MSFT,0.1850617077996633,MSFT
17,0.2321432956814078,0.1985512209528735,0.967726588430364,MSFT,0.1940642551320168,MSFT
18,0.2412939127370602,0.2044313977049636,0.9846526267338273,MSFT,0.2061876113983934,MSFT
19,0.2504445297990878,0.2104905829396107,0.9997812104471386,MSFT,0.2177070476404726,MSFT
20,0.25959514673508,0.2167134176068436,1.0132974190525863,MSFT,0.2284646878899819,MSFT
21,0.2687457637549064,0.2230932126885462,1.0253371718405953,MSFT,0.2406823819003049,MSFT
22,0.2778963807762094,0.2295872058171969,1.036191803151385,MSFT,0.2501966331115118,MSFT
23,0.2870469977937364,0.2363792516676521,1.0451297905836634,MSFT,0.2708048638072004,MSFT
24,0.2961976148082156,0.2437274060148944,1.051164573558704,MSFT,0.2940859645276397,MSFT
25,0.305348231813515,0.2515586699236075,1.054816484337809,MSFT,0.3170987209604941,MSFT
26,0.314498848818251,0.2598936140626895,1.0561969743205717,MSFT,0.3402395181884127,MSFT
27,0.3236494658156983,0.2686624789391497,1.0557836990700256,MSFT,0.363827904906541,MSFT
28,0.3328000828517719,0.2778635678861019,1.0537548519919406,MSFT,0.3883942036356755,MSFT
29,0.3419506998635155,0.2874673661424976,1.0503825318169804,MSFT,0.4129721192015527,MSFT
30,0.3511013168899335,0.297459810710973,1.0458599975114462,MSFT,0.4374942367959658,MSFT
31,0.3602519337857518,0.3077484044007464,1.0406290632419444,MSFT,0.4620828592173908,MSFT
32,0.3694025508162727,0.3183362622461753,1.0347628903223711,MSFT,0.4866717015059468,MSFT
33,0.3785531680224659,0.3291946214578194,1.0284286132112448,MSFT,0.5112606865541562,MSFT
34,0.3877037849283204,0.3402976486883621,1.0217637008909828,MSFT,0.5358497887471049,MSFT
35,0.3968544018212432,0.3516222135546206,1.0148801414271569,MSFT,0.5604389936093229,MSFT
36,0.4060050189469226,0.3631476194895567,1.0078684240347833,MSFT,0.5850282058314726,MSFT
37,0.4151556358778606,0.3748554345695774,1.000800845554308,MSFT,0.6096178177125047,MSFT
38,0.4243062529879772,0.3867289098875484,0.9937355164363698,MSFT,0.6342068817451827,MSFT
39,0.4334568700746335,0.3987533167157268,0.986717485675814,MSFT,0.6587959746786898,MSFT
40,0.4426074870022467,0.4109154088820069,0.9797819169099452,MSFT,0.6833850853108729,MSFT
41,0.451758104001215,0.4231800925078103,0.9730091544739088,MSFT,0.7079089639739541,MSFT
42,0.4609087210127492,0.4355756016050662,0.9663275891985904,MSFT,0.7324875823627796,MSFT
43,0.4700593380350333,0.4480752137173419,0.9597927420871052,MSFT,0.7570531482905962,MSFT
44,0.4792099550477967,0.4606715685561692,0.9534123332689334,MSFT,0.7816297258174447,MSFT
45,0.488360572060606,0.4733564791020619,0.9471943278586316,MSFT,0.8062063037084297,MSFT
46,0.4975111890932196,0.486123013105149,0.9411428316689452,MSFT,0.8307828817256102,MSFT
47,0.5066618060863177,0.4989649052617643,0.9352597771209984,MSFT,0.8553594589955436,MSFT
48,0.5158124230991504,0.5118764839547424,0.929545384509634,MSFT,0.879936036892834,MSFT
49,0.5249630403002272,0.5248608276064881,0.9239840635693732,MSFT,0.9045614272630176,MSFT
50,0.5341136570109982,0.5379210398021608,0.9185616855453838,MSFT,0.9291873508809784,MSFT
51,0.5432642741155921,0.5510517283460877,0.9132795493194013,MSFT,0.9538132755587851,MSFT
52,0.5524148911516171,0.5642479724462212,0.9081377624275924,MSFT,0.9784392000520622,MSFT
1,0.0948840404973348,0.1436639777814716,0.3820306338783087,GOOG,0.5272899484849854,GOOG
2,0.1040346575309804,0.1439543295669668,0.4448262009458479,GOOG,0.5164760635480379,GOOG
3,0.0857334226609605,0.1446052005829654,0.3162640242300384,GOOG,0.9361504757758624,GOOG
4,0.1131852745537752,0.1450792142276581,0.5044504475943259,GOOG,0.5064564530937252,GOOG
5,0.1223358915558633,0.1469959197608286,0.5601236530226748,GOOG,0.4904132920383037,GOOG
6,0.1314865082920929,0.14953950920541,0.6117882075326697,GOOG,0.4667427111245222,GOOG
7,0.1406371254106325,0.1525166449019375,0.6598435565858297,GOOG,0.4390792892984896,GOOG
8,0.1497877425899038,0.1558657781454828,0.7043736213053101,GOOG,0.4098081924916632,GOOG
9,0.158938359606175,0.1595639626919378,0.7453961257894013,GOOG,0.3805817623366372,GOOG
10,0.1680889766083367,0.1635876800723205,0.7829989186943038,GOOG,0.3514494106135851,GOOG
11,0.1772395936199666,0.1679105085273374,0.8173377284342075,GOOG,0.3228431812346782,GOOG
12,0.1863902106317621,0.1724578072700806,0.8488465262839919,GOOG,0.3064562971656842,GOOG
13,0.1955408276448309,0.177295158899381,0.8772987858800126,GOOG,0.2832037588391783,GOOG
14,0.2046914446684751,0.1820052766696597,0.9048718129606248,GOOG,0.4109746802793815,GOOG
15,0.2138420616741083,0.1872940140138224,0.9281773504052224,GOOG,0.3608048075674911,GOOG
16,0.2229926786751608,0.1928045097398392,0.949109950395258,GOOG,0.311177794178396,GOOG
17,0.2321432956814078,0.1985512209528735,0.967726588430364,GOOG,0.2548402773965164,GOOG
18,0.2412939127370602,0.2044313977049636,0.9846526267338273,GOOG,0.2093554215386622,GOOG
19,0.2504445297990878,0.2104905829396107,0.9997812104471386,GOOG,0.1617979811218617,GOOG
20,0.25959514673508,0.2167134176068436,1.0132974190525863,GOOG,0.1108549906676852,GOOG
21,0.2687457637549064,0.2230932126885462,1.0253371718405953,GOOG,0.0642253828639044,GOOG
22,0.2778963807762094,0.2295872058171969,1.036191803151385,GOOG,0.0116024293877749,GOOG
23,0.2870469977937364,0.2363792516676521,1.0451297905836634,GOOG,0.0,GOOG
24,0.2961976148082156,0.2437274060148944,1.051164573558704,GOOG,3.1328951306590173e-18,GOOG
25,0.305348231813515,0.2515586699236075,1.054816484337809,GOOG,0.0,GOOG
26,0.314498848818251,0.2598936140626895,1.0561969743205717,GOOG,0.0,GOOG
27,0.3236494658156983,0.2686624789391497,1.0557836990700256,GOOG,1.9959914717286104e-17,GOOG
28,0.3328000828517719,0.2778635678861019,1.0537548519919406,GOOG,4.413412978586315e-18,GOOG
29,0.3419506998635155,0.2874673661424976,1.0503825318169804,GOOG,0.0,GOOG
30,0.3511013168899335,0.297459810710973,1.0458599975114462,GOOG,8.236106997717098e-18,GOOG
31,0.3602519337857518,0.3077484044007464,1.0406290632419444,GOOG,2.049749547332512e-17,GOOG
32,0.3694025508162727,0.3183362622461753,1.0347628903223711,GOOG,1.9206663235260946e-18,GOOG
33,0.3785531680224659,0.3291946214578194,1.0284286132112448,GOOG,8.132145655302814e-18,GOOG
34,0.3877037849283204,0.3402976486883621,1.0217637008909828,GOOG,0.0,GOOG
35,0.3968544018212432,0.3516222135546206,1.0148801414271569,GOOG,3.304701178367738e-17,GOOG
36,0.4060050189469226,0.3631476194895567,1.0078684240347833,GOOG,9.790185983460736e-19,GOOG
37,0.4151556358778606,0.3748554345695774,1.000800845554308,GOOG,8.914112870822242e-18,GOOG
38,0.4243062529879772,0.3867289098875484,0.9937355164363698,GOOG,1.7542811779911766e-17,GOOG
39,0.4334568700746335,0.3987533167157268,0.986717485675814,GOOG,2.0174539044651245e-17,GOOG
40,0.4426074870022467,0.4109154088820069,0.9797819169099452,GOOG,4.658132288724415e-18,GOOG
41,0.451758104001215,0.4231800925078103,0.9730091544739088,GOOG,0.0,GOOG
42,0.4609087210127492,0.4355756016050662,0.9663275891985904,GOOG,1.5657081792256158e-17,GOOG
43,0.4700593380350333,0.4480752137173419,0.9597927420871052,GOOG,0.0,GOOG
44,0.4792099550477967,0.4606715685561692,0.9534123332689334,GOOG,3.124140281736765e-17,GOOG
45,0.488360572060606,0.4733564791020619,0.9471943278586316,GOOG,0.0,GOOG
46,0.4975111890932196,0.486123013105149,0.9411428316689452,GOOG,0.0,GOOG
47,0.5066618060863177,0.4989649052617643,0.9352597771209984,GOOG,0.0,GOOG
48,0.5158124230991504,0.5118764839547424,0.929545384509634,GOOG,0.0,GOOG
49,0.5249630403002272,0.5248608276064881,0.9239840635693732,GOOG,0.0,GOOG
50,0.5341136570109982,0.5379210398021608,0.9185616855453838,GOOG,3.2711574497431912e-18,GOOG
51,0.5432642741155921,0.5510517283460877,0.9132795493194013,GOOG,0.0,GOOG
52,0.5524148911516171,0.5642479724462212,0.9081377624275924,GOOG,1.2456240258939742e-17,GOOG
1,0.0948840404973348,0.1436639777814716,0.3820306338783087,DIA,4.3368086899420185e-18,DIA
2,0.1040346575309804,0.1439543295669668,0.4448262009458479,DIA,0.0,DIA
3,0.0857334226609605,0.1446052005829654,0.3162640242300384,DIA,3.969047313034935e-15,DIA
4,0.1131852745537752,0.1450792142276581,0.5044504475943259,DIA,0.0,DIA
5,0.1223358915558633,0.1469959197608286,0.5601236530226748,DIA,2.1684043449710093e-18,DIA
6,0.1314865082920929,0.14953950920541,0.6117882075326697,DIA,0.0,DIA
7,0.1406371254106325,0.1525166449019375,0.6598435565858297,DIA,0.0,DIA
8,0.1497877425899038,0.1558657781454828,0.7043736213053101,DIA,6.938893903907228e-18,DIA
9,0.158938359606175,0.1595639626919378,0.7453961257894013,DIA,1.3877787807814457e-17,DIA
10,0.1680889766083367,0.1635876800723205,0.7829989186943038,DIA,0.0,DIA
11,0.1772395936199666,0.1679105085273374,0.8173377284342075,DIA,4.174178364069192e-18,DIA
12,0.1863902106317621,0.1724578072700806,0.8488465262839919,DIA,0.0,DIA
13,0.1955408276448309,0.177295158899381,0.8772987858800126,DIA,0.0,DIA
14,0.2046914446684751,0.1820052766696597,0.9048718129606248,DIA,0.0,DIA
15,0.2138420616741083,0.1872940140138224,0.9281773504052224,DIA,0.0,DIA
16,0.2229926786751608,0.1928045097398392,0.949109950395258,DIA,0.0,DIA
17,0.2321432956814078,0.1985512209528735,0.967726588430364,DIA,0.0,DIA
18,0.2412939127370602,0.2044313977049636,0.9846526267338273,DIA,0.0,DIA
19,0.2504445297990878,0.2104905829396107,0.9997812104471386,DIA,1.27458435255543e-17,DIA
20,0.25959514673508,0.2167134176068436,1.0132974190525863,DIA,2.5041254900273666e-17,DIA
21,0.2687457637549064,0.2230932126885462,1.0253371718405953,DIA,0.0,DIA
22,0.2778963807762094,0.2295872058171969,1.036191803151385,DIA,4.0889267609617245e-17,DIA
23,0.2870469977937364,0.2363792516676521,1.0451297905836634,DIA,0.0,DIA
24,0.2961976148082156,0.2437274060148944,1.051164573558704,DIA,4.0314985606095976e-17,DIA
25,0.305348231813515,0.2515586699236075,1.054816484337809,DIA,4.513900109754688e-17,DIA
26,0.314498848818251,0.2598936140626895,1.0561969743205717,DIA,0.0,DIA
27,0.3236494658156983,0.2686624789391497,1.0557836990700256,DIA,0.0,DIA
28,0.3328000828517719,0.2778635678861019,1.0537548519919406,DIA,4.49110779950169e-18,DIA
29,0.3419506998635155,0.2874673661424976,1.0503825318169804,DIA,1.188426774207314e-17,DIA
30,0.3511013168899335,0.297459810710973,1.0458599975114462,DIA,0.0,DIA
31,0.3602519337857518,0.3077484044007464,1.0406290632419444,DIA,2.3626803849792418e-17,DIA
32,0.3694025508162727,0.3183362622461753,1.0347628903223711,DIA,5.715060998337281e-17,DIA
33,0.3785531680224659,0.3291946214578194,1.0284286132112448,DIA,0.0,DIA
34,0.3877037849283204,0.3402976486883621,1.0217637008909828,DIA,0.0,DIA
35,0.3968544018212432,0.3516222135546206,1.0148801414271569,DIA,4.3820710721429726e-17,DIA
36,0.4060050189469226,0.3631476194895567,1.0078684240347833,DIA,2.104408574575764e-17,DIA
37,0.4151556358778606,0.3748554345695774,1.000800845554308,DIA,5.11644718726144e-17,DIA
38,0.4243062529879772,0.3867289098875484,0.9937355164363698,DIA,6.716704926354826e-17,DIA
39,0.4334568700746335,0.3987533167157268,0.986717485675814,DIA,0.0,DIA
40,0.4426074870022467,0.4109154088820069,0.9797819169099452,DIA,0.0,DIA
41,0.451758104001215,0.4231800925078103,0.9730091544739088,DIA,8.653427823175432e-17,DIA
42,0.4609087210127492,0.4355756016050662,0.9663275891985904,DIA,0.0,DIA
43,0.4700593380350333,0.4480752137173419,0.9597927420871052,DIA,1.5878823923368147e-16,DIA
44,0.4792099550477967,0.4606715685561692,0.9534123332689334,DIA,2.7908444092287317e-17,DIA
45,0.488360572060606,0.4733564791020619,0.9471943278586316,DIA,4.221949650983976e-17,DIA
46,0.4975111890932196,0.486123013105149,0.9411428316689452,DIA,4.123565353897739e-17,DIA
47,0.5066618060863177,0.4989649052617643,0.9352597771209984,DIA,5.307968715668312e-17,DIA
48,0.5158124230991504,0.5118764839547424,0.929545384509634,DIA,0.0,DIA
49,0.5249630403002272,0.5248608276064881,0.9239840635693732,DIA,0.0,DIA
50,0.5341136570109982,0.5379210398021608,0.9185616855453838,DIA,0.0,DIA
51,0.5432642741155921,0.5510517283460877,0.9132795493194013,DIA,0.0,DIA
52,0.5524148911516171,0.5642479724462212,0.9081377624275924,DIA,0.0,DIA
1,0.0948840404973348,0.1436639777814716,0.3820306338783087,SPY,0.0,SPY
2,0.1040346575309804,0.1439543295669668,0.4448262009458479,SPY,0.0,SPY
3,0.0857334226609605,0.1446052005829654,0.3162640242300384,SPY,0.0,SPY
4,0.1131852745537752,0.1450792142276581,0.5044504475943259,SPY,0.0,SPY
5,0.1223358915558633,0.1469959197608286,0.5601236530226748,SPY,0.0138185199299218,SPY
6,0.1314865082920929,0.14953950920541,0.6117882075326697,SPY,0.0393959133069515,SPY
7,0.1406371254106325,0.1525166449019375,0.6598435565858297,SPY,0.0417348092727091,SPY
8,0.1497877425899038,0.1558657781454828,0.7043736213053101,SPY,0.0497139178906409,SPY
9,0.158938359606175,0.1595639626919378,0.7453961257894013,SPY,0.057659699015211,SPY
10,0.1680889766083367,0.1635876800723205,0.7829989186943038,SPY,0.0655255561161559,SPY
11,0.1772395936199666,0.1679105085273374,0.8173377284342075,SPY,0.0725426832847091,SPY
12,0.1863902106317621,0.1724578072700806,0.8488465262839919,SPY,0.0577472291636449,SPY
13,0.1955408276448309,0.177295158899381,0.8772987858800126,SPY,0.0589468200260572,SPY
14,0.2046914446684751,0.1820052766696597,0.9048718129606248,SPY,0.0854586009287169,SPY
15,0.2138420616741083,0.1872940140138224,0.9281773504052224,SPY,0.0865585365085034,SPY
16,0.2229926786751608,0.1928045097398392,0.949109950395258,SPY,0.0882755552456144,SPY
17,0.2321432956814078,0.1985512209528735,0.967726588430364,SPY,0.0877890186965898,SPY
18,0.2412939127370602,0.2044313977049636,0.9846526267338273,SPY,0.0903432547650981,SPY
19,0.2504445297990878,0.2104905829396107,0.9997812104471386,SPY,0.0924792649358575,SPY
20,0.25959514673508,0.2167134176068436,1.0132974190525863,SPY,0.097519364499955,SPY
21,0.2687457637549064,0.2230932126885462,1.0253371718405953,SPY,0.1067847431112057,SPY
22,0.2778963807762094,0.2295872058171969,1.036191803151385,SPY,0.0987984834039518,SPY
23,0.2870469977937364,0.2363792516676521,1.0451297905836634,SPY,0.0869354680264288,SPY
24,0.2961976148082156,0.2437274060148944,1.051164573558704,SPY,0.0660026158202435,SPY
25,0.305348231813515,0.2515586699236075,1.054816484337809,SPY,0.0396681289035869,SPY
26,0.314498848818251,0.2598936140626895,1.0561969743205717,SPY,0.016101815603761,SPY
27,0.3236494658156983,0.2686624789391497,1.0557836990700256,SPY,6.12085738055947e-17,SPY
28,0.3328000828517719,0.2778635678861019,1.0537548519919406,SPY,1.753365089568869e-17,SPY
29,0.3419506998635155,0.2874673661424976,1.0503825318169804,SPY,0.0,SPY
30,0.3511013168899335,0.297459810710973,1.0458599975114462,SPY,0.0,SPY
31,0.3602519337857518,0.3077484044007464,1.0406290632419444,SPY,0.0,SPY
32,0.3694025508162727,0.3183362622461753,1.0347628903223711,SPY,0.0,SPY
33,0.3785531680224659,0.3291946214578194,1.0284286132112448,SPY,0.0,SPY
34,0.3877037849283204,0.3402976486883621,1.0217637008909828,SPY,0.0,SPY
35,0.3968544018212432,0.3516222135546206,1.0148801414271569,SPY,2.775557561562892e-17,SPY
36,0.4060050189469226,0.3631476194895567,1.0078684240347833,SPY,0.0,SPY
37,0.4151556358778606,0.3748554345695774,1.000800845554308,SPY,0.0,SPY
38,0.4243062529879772,0.3867289098875484,0.9937355164363698,SPY,0.0,SPY
39,0.4334568700746335,0.3987533167157268,0.986717485675814,SPY,0.0,SPY
40,0.4426074870022467,0.4109154088820069,0.9797819169099452,SPY,1.3877787807814454e-16,SPY
41,0.451758104001215,0.4231800925078103,0.9730091544739088,SPY,0.0,SPY
42,0.4609087210127492,0.4355756016050662,0.9663275891985904,SPY,0.0,SPY
43,0.4700593380350333,0.4480752137173419,0.9597927420871052,SPY,0.0,SPY
44,0.4792099550477967,0.4606715685561692,0.9534123332689334,SPY,0.0,SPY
45,0.488360572060606,0.4733564791020619,0.9471943278586316,SPY,0.0,SPY
46,0.4975111890932196,0.486123013105149,0.9411428316689452,SPY,0.0,SPY
47,0.5066618060863177,0.4989649052617643,0.9352597771209984,SPY,0.0,SPY
48,0.5158124230991504,0.5118764839547424,0.929545384509634,SPY,0.0,SPY
49,0.5249630403002272,0.5248608276064881,0.9239840635693732,SPY,8.015186695898301e-17,SPY
50,0.5341136570109982,0.5379210398021608,0.9185616855453838,SPY,4.359463841774888e-17,SPY
51,0.5432642741155921,0.5510517283460877,0.9132795493194013,SPY,0.0,SPY
52,0.5524148911516171,0.5642479724462212,0.9081377624275924,SPY,0.0,SPY
1,0.0948840404973348,0.1436639777814716,0.3820306338783087,BTC-USD,0.0,BTC-USD
2,0.1040346575309804,0.1439543295669668,0.4448262009458479,BTC-USD,8.673617379884035e-18,BTC-USD
3,0.0857334226609605,0.1446052005829654,0.3162640242300384,BTC-USD,0.0,BTC-USD
4,0.1131852745537752,0.1450792142276581,0.5044504475943259,BTC-USD,0.0,BTC-USD
5,0.1223358915558633,0.1469959197608286,0.5601236530226748,BTC-USD,1.951563910473908e-18,BTC-USD
6,0.1314865082920929,0.14953950920541,0.6117882075326697,BTC-USD,0.000871235990252,BTC-USD
7,0.1406371254106325,0.1525166449019375,0.6598435565858297,BTC-USD,0.0235623421167848,BTC-USD
8,0.1497877425899038,0.1558657781454828,0.7043736213053101,BTC-USD,0.0412611502080777,BTC-USD
9,0.158938359606175,0.1595639626919378,0.7453961257894013,BTC-USD,0.0588260591325859,BTC-USD
10,0.1680889766083367,0.1635876800723205,0.7829989186943038,BTC-USD,0.0763331397760821,BTC-USD
11,0.1772395936199666,0.1679105085273374,0.8173377284342075,BTC-USD,0.0938851122133386,BTC-USD
12,0.1863902106317621,0.1724578072700806,0.8488465262839919,BTC-USD,0.1206098885824257,BTC-USD
13,0.1955408276448309,0.177295158899381,0.8772987858800126,BTC-USD,0.1448078295532321,BTC-USD
14,0.2046914446684751,0.1820052766696597,0.9048718129606248,BTC-USD,0.1709086476994646,BTC-USD
15,0.2138420616741083,0.1872940140138224,0.9281773504052224,BTC-USD,0.1921299778840916,BTC-USD
16,0.2229926786751608,0.1928045097398392,0.949109950395258,BTC-USD,0.2131094802987321,BTC-USD
17,0.2321432956814078,0.1985512209528735,0.967726588430364,BTC-USD,0.2580015203345855,BTC-USD
18,0.2412939127370602,0.2044313977049636,0.9846526267338273,BTC-USD,0.2693037045792972,BTC-USD
19,0.2504445297990878,0.2104905829396107,0.9997812104471386,BTC-USD,0.2810584690427398,BTC-USD
20,0.25959514673508,0.2167134176068436,1.0132974190525863,BTC-USD,0.2923631087944531,BTC-USD
21,0.2687457637549064,0.2230932126885462,1.0253371718405953,BTC-USD,0.2993455653129743,BTC-USD
22,0.2778963807762094,0.2295872058171969,1.036191803151385,BTC-USD,0.3285575116733389,BTC-USD
23,0.2870469977937364,0.2363792516676521,1.0451297905836634,BTC-USD,0.3210344648138546,BTC-USD
24,0.2961976148082156,0.2437274060148944,1.051164573558704,BTC-USD,0.317005963705509,BTC-USD
25,0.305348231813515,0.2515586699236075,1.054816484337809,BTC-USD,0.3376188491354592,BTC-USD
26,0.314498848818251,0.2598936140626895,1.0561969743205717,BTC-USD,0.3425104230468485,BTC-USD
27,0.3236494658156983,0.2686624789391497,1.0557836990700256,BTC-USD,0.3384056511341443,BTC-USD
28,0.3328000828517719,0.2778635678861019,1.0537548519919406,BTC-USD,0.31894443326131,BTC-USD
29,0.3419506998635155,0.2874673661424976,1.0503825318169804,BTC-USD,0.3032748492205528,BTC-USD
30,0.3511013168899335,0.297459810710973,1.0458599975114462,BTC-USD,0.2693933854442952,BTC-USD
31,0.3602519337857518,0.3077484044007464,1.0406290632419444,BTC-USD,0.2572185074675643,BTC-USD
32,0.3694025508162727,0.3183362622461753,1.0347628903223711,BTC-USD,0.2451152734745419,BTC-USD
33,0.3785531680224659,0.3291946214578194,1.0284286132112448,BTC-USD,0.2330584804146942,BTC-USD
34,0.3877037849283204,0.3402976486883621,1.0217637008909828,BTC-USD,0.2210401859658415,BTC-USD
35,0.3968544018212432,0.3516222135546206,1.0148801414271569,BTC-USD,0.2090554130377478,BTC-USD
36,0.4060050189469226,0.3631476194895567,1.0078684240347833,BTC-USD,0.1970728378666534,BTC-USD
37,0.4151556358778606,0.3748554345695774,1.000800845554308,BTC-USD,0.1852208781766961,BTC-USD
38,0.4243062529879772,0.3867289098875484,0.9937355164363698,BTC-USD,0.1731899492017698,BTC-USD
39,0.4334568700746335,0.3987533167157268,0.986717485675814,BTC-USD,0.1611684737580981,BTC-USD
40,0.4426074870022467,0.4109154088820069,0.9797819169099452,BTC-USD,0.1491529146737065,BTC-USD
41,0.451758104001215,0.4231800925078103,0.9730091544739088,BTC-USD,0.1158462691678342,BTC-USD
42,0.4609087210127492,0.4355756016050662,0.9663275891985904,BTC-USD,0.100406079276477,BTC-USD
43,0.4700593380350333,0.4480752137173419,0.9597927420871052,BTC-USD,0.0807056949280357,BTC-USD
44,0.4792099550477967,0.4606715685561692,0.9534123332689334,BTC-USD,0.0645993882257273,BTC-USD
45,0.488360572060606,0.4733564791020619,0.9471943278586316,BTC-USD,0.0484932003334585,BTC-USD
46,0.4975111890932196,0.486123013105149,0.9411428316689452,BTC-USD,0.0323870362345937,BTC-USD
47,0.5066618060863177,0.4989649052617643,0.9352597771209984,BTC-USD,0.0162806629514543,BTC-USD
48,0.5158124230991504,0.5118764839547424,0.929545384509634,BTC-USD,0.0001744770966534,BTC-USD
49,0.5249630403002272,0.5248608276064881,0.9239840635693732,BTC-USD,1.7034984534092246e-15,BTC-USD
50,0.5341136570109982,0.5379210398021608,0.9185616855453838,BTC-USD,8.673617379884035e-16,BTC-USD
51,0.5432642741155921,0.5510517283460877,0.9132795493194013,BTC-USD,0.0,BTC-USD
52,0.5524148911516171,0.5642479724462212,0.9081377624275924,BTC-USD,0.0,BTC-USD
1,0.0948840404973348,0.1436639777814716,0.3820306338783087,ETH-USD,0.4618709494696025,ETH-USD
2,0.1040346575309804,0.1439543295669668,0.4448262009458479,ETH-USD,0.4532517782579445,ETH-USD
3,0.0857334226609605,0.1446052005829654,0.3162640242300384,ETH-USD,0.0638495242241323,ETH-USD
4,0.1131852745537752,0.1450792142276581,0.5044504475943259,ETH-USD,0.4438211839438408,ETH-USD
5,0.1223358915558633,0.1469959197608286,0.5601236530226748,ETH-USD,0.4288060975846391,ETH-USD
6,0.1314865082920929,0.14953950920541,0.6117882075326697,ETH-USD,0.4058028985017664,ETH-USD
7,0.1406371254106325,0.1525166449019375,0.6598435565858297,ETH-USD,0.3787437246087723,ETH-USD
8,0.1497877425899038,0.1558657781454828,0.7043736213053101,ETH-USD,0.3532706227697545,ETH-USD
9,0.158938359606175,0.1595639626919378,0.7453961257894013,ETH-USD,0.3278692547905827,ETH-USD
10,0.1680889766083367,0.1635876800723205,0.7829989186943038,ETH-USD,0.3025286639637238,ETH-USD
11,0.1772395936199666,0.1679105085273374,0.8173377284342075,ETH-USD,0.2769645894561772,ETH-USD
12,0.1863902106317621,0.1724578072700806,0.8488465262839919,ETH-USD,0.2370565291721989,ETH-USD
13,0.1955408276448309,0.177295158899381,0.8772987858800126,ETH-USD,0.2042516464189766,ETH-USD
14,0.2046914446684751,0.1820052766696597,0.9048718129606248,ETH-USD,0.0,ETH-USD
15,0.2138420616741083,0.1872940140138224,0.9281773504052224,ETH-USD,0.0,ETH-USD
16,0.2229926786751608,0.1928045097398392,0.949109950395258,ETH-USD,2.4041411194826905e-17,ETH-USD
17,0.2321432956814078,0.1985512209528735,0.967726588430364,ETH-USD,2.342248720684257e-17,ETH-USD
18,0.2412939127370602,0.2044313977049636,0.9846526267338273,ETH-USD,0.0,ETH-USD
19,0.2504445297990878,0.2104905829396107,0.9997812104471386,ETH-USD,1.2931980507183082e-16,ETH-USD
20,0.25959514673508,0.2167134176068436,1.0132974190525863,ETH-USD,0.0,ETH-USD
21,0.2687457637549064,0.2230932126885462,1.0253371718405953,ETH-USD,0.0,ETH-USD
22,0.2778963807762094,0.2295872058171969,1.036191803151385,ETH-USD,0.0,ETH-USD
23,0.2870469977937364,0.2363792516676521,1.0451297905836634,ETH-USD,1.0135882937628629e-17,ETH-USD
24,0.2961976148082156,0.2437274060148944,1.051164573558704,ETH-USD,0.0,ETH-USD
25,0.305348231813515,0.2515586699236075,1.054816484337809,ETH-USD,5.959854652509283e-17,ETH-USD
26,0.314498848818251,0.2598936140626895,1.0561969743205717,ETH-USD,0.0,ETH-USD
27,0.3236494658156983,0.2686624789391497,1.0557836990700256,ETH-USD,5.2067819154802266e-17,ETH-USD
28,0.3328000828517719,0.2778635678861019,1.0537548519919406,ETH-USD,0.0,ETH-USD
29,0.3419506998635155,0.2874673661424976,1.0503825318169804,ETH-USD,3.303799459593342e-17,ETH-USD
30,0.3511013168899335,0.297459810710973,1.0458599975114462,ETH-USD,6.98189028685864e-18,ETH-USD
31,0.3602519337857518,0.3077484044007464,1.0406290632419444,ETH-USD,0.0,ETH-USD
32,0.3694025508162727,0.3183362622461753,1.0347628903223711,ETH-USD,6.503851224206127e-18,ETH-USD
33,0.3785531680224659,0.3291946214578194,1.0284286132112448,ETH-USD,0.0,ETH-USD
34,0.3877037849283204,0.3402976486883621,1.0217637008909828,ETH-USD,0.0,ETH-USD
35,0.3968544018212432,0.3516222135546206,1.0148801414271569,ETH-USD,0.0,ETH-USD
36,0.4060050189469226,0.3631476194895567,1.0078684240347833,ETH-USD,2.072205953917477e-18,ETH-USD
37,0.4151556358778606,0.3748554345695774,1.000800845554308,ETH-USD,0.0,ETH-USD
38,0.4243062529879772,0.3867289098875484,0.9937355164363698,ETH-USD,0.0,ETH-USD
39,0.4334568700746335,0.3987533167157268,0.986717485675814,ETH-USD,5.563402489167179e-18,ETH-USD
40,0.4426074870022467,0.4109154088820069,0.9797819169099452,ETH-USD,0.0,ETH-USD
41,0.451758104001215,0.4231800925078103,0.9730091544739088,ETH-USD,0.0,ETH-USD
42,0.4609087210127492,0.4355756016050662,0.9663275891985904,ETH-USD,2.3142790305327145e-17,ETH-USD
43,0.4700593380350333,0.4480752137173419,0.9597927420871052,ETH-USD,0.0,ETH-USD
44,0.4792099550477967,0.4606715685561692,0.9534123332689334,ETH-USD,3.108471119345469e-17,ETH-USD
45,0.488360572060606,0.4733564791020619,0.9471943278586316,ETH-USD,0.0,ETH-USD
46,0.4975111890932196,0.486123013105149,0.9411428316689452,ETH-USD,7.207240493772571e-18,ETH-USD
47,0.5066618060863177,0.4989649052617643,0.9352597771209984,ETH-USD,0.0,ETH-USD
48,0.5158124230991504,0.5118764839547424,0.929545384509634,ETH-USD,2.1516889841753882e-17,ETH-USD
49,0.5249630403002272,0.5248608276064881,0.9239840635693732,ETH-USD,3.87832557800742e-17,ETH-USD
50,0.5341136570109982,0.5379210398021608,0.9185616855453838,ETH-USD,0.0,ETH-USD
51,0.5432642741155921,0.5510517283460877,0.9132795493194013,ETH-USD,6.069996013407676e-17,ETH-USD
52,0.5524148911516171,0.5642479724462212,0.9081377624275924,ETH-USD,1.0429236372347192e-17,ETH-USD
